Field,FB,AF,Season,AEZ,aezbiom,moisture,Fblog,Aflog,fusL,AspL,aspUB,asplogUB,fusqrt,asqrt,fus,sar,hir,anth,g__Candida,g__Meyerozyma,pen,tal,sten,gib,asp,g__Ustilago,g__Kodamaea,g__Nigrospora,g__Cladosporium,g__Neofusicoccum,g__Colletotrichum,g__Pyxidiophora,g__Epicoccum,g__Ceratobasidium,g__Papiliotrema,g__Bipolaris,g__Lasiodiplodia,g__Sporisorium,g__Hyphopichia,g__Vanrija,g__Suhomyces,g__Moesziomyces,g__Lecanicillium,g__Zygoascus,g__Meira,g__Clavispora,g__Hannaella,g__Pichia,g__Phialemoniopsis,g__Periglandula,g__Macrophomina,g__Mucor,g__Yamadazyma,g__Pseudozyma,g__Aureobasidium,g__Geotrichum,g__Cyberlindnera,g__Wickerhamomyces,g__Quambalaria,g__Occultifur,g__Metarhizium,g__Rhizopus,g__Plectosphaerella,g__Curvularia,g__Trichosporon,g__Wallemia,g__Malassezia,g__Periconia,g__Dictyosporium,g__Rhodosporidiobolus,g__Claviceps,g__Saitozyma,g__Starmera,g__Alternaria,g__Acremonium,g__Exserohilum,g__Eupenicillium,g__Didymella,g__Saturnispora,g__Cyphellophora,g__Olpitrichum,g__Exophiala,g__Kwoniella,g__Pyricularia,g__Chalara,g__Sphaeronaemella,g__Cyanodermella,g__Clonostachys,g__Tremella,g__Cryptococcus,g__Phaeosphaeria,g__Chaetomium,g__Ascochyta,g__Coniothyrium,g__Pseudopithomyces,g__Simplicillium,g__Colacogloea,g__Neoascochyta,g__Articulospora,g__Melampsora,sarL,dryspell,FusGib
1,223.4,13.7,1,1,S1,34,5.408963887,2.617395833,high,med,1.311034541,0.270816551,9.070447626,1.145004166,82.27302014,6.212006611,3.335014147,0.117656946,0.119057624,3.917696165,0.04061966,0.035016948,0.376782363,0.085441354,1.311034541,0.117656946,0.186290164,0.056027117,0.014006779,0,0,0.357172872,0,0,0.005602712,0,1.186374205,0.110653556,0,0,0,0.008404068,0,0,0,0,0,0,0,0,0,0.005602712,0,0,0,0,0.049023727,0,0,0,0,0,0,0.068633218,0,0,0,0,0,0,0,0,0,0,0,0,0,0,0,0,0,0,0,0,0,0,0,0.00700339,0,0,0,0,0,0,0,0,0.004202034,0,0,0,Low,y,82.36
2,45.5,1.2,1,1,S1,25.1,3.817712326,0.182321557,high,low,0.005455438,-5.21114237,8.316273689,0.073860937,69.16040807,26.81347857,2.125802404,0.130930516,0.025458711,0.032732629,0.245494717,0.061828299,0.025458711,0.070920696,0.005455438,0.220036006,0.052735902,0.020003273,0.043643505,0,0.007273918,0,0,0,0.010910876,0,0.909239694,0.027277191,0,0,0,0.010910876,0,0,0,0,0,0,0,0,0,0,0,0,0,0,0,0,0,0,0,0,0,0,0,0,0,0,0,0,0,0,0,0,0,0,0,0,0,0,0,0,0,0,0,0,0,0,0,0,0,0,0,0,0,0,0,0,0,0,Med,y,69.23
3,285.8,93.6,1,1,S1,28,5.655292265,4.539030383,low,high,10.26222157,2.328469344,5.277086179,3.203470239,27.84763854,31.74440708,14.00058488,0.114539163,0.231515329,12.85031925,0.509333723,0.294877419,0.89438027,0.095043135,10.26222157,0.13403519,0.406979578,0.092606132,0.038992055,0,0.204708291,0,0,0,0.036555052,0,0.004874007,0.077984111,0.019496028,0,0,0.009748014,0,0.092606132,0,0,0,0,0,0,0.004874007,0,0.019496028,0,0,0,0,0,0,0,0,0,0,0,0,0.012185017,0,0,0,0,0,0,0,0,0,0,0,0,0,0,0,0,0,0,0,0,0,0,0,0,0,0,0,0,0,0,0,0,0,0,Med,y,27.94
4,15.9,1.1,1,1,S1,20.2,2.766319109,0.09531018,med,low,0.42236301,-0.861890121,6.178497853,0.649894615,38.17383572,18.73124375,21.79615427,7.113482272,0.141713905,0.569634323,0.255640769,0.022229632,0.022229632,0.183394465,0.42236301,9.308658442,0.058352784,0.989218628,1.058686229,0,0,0.022229632,0,0,0.09725464,0,0.016672224,0.01389352,0,0,0,0.94198066,0,0,0,0,0.016672224,0,0,0,0,0.038901856,0,0,0,0,0,0,0,0,0,0,0,0,0,0,0,0,0,0,0,0,0,0,0,0,0,0,0,0,0,0,0,0,0,0,0,0,0,0,0,0.005557408,0,0,0,0,0,0,0,0,Low,y,38.36
5,11.7,0,1,1,S1,25.2,2.459588842,-1.386294361,med,low,0.033991927,-3.381632224,7.139836686,0.184368997,50.9772679,6.307626939,41.24920331,0.524750372,0.063734863,0.346292755,0.048863395,0.031867431,0.070108349,0.053112386,0.033991927,0.080730826,0.0467389,0.055236881,0.027618441,0,0.019120459,0,0,0,0.004248991,0,0,0.040365413,0,0,0,0,0,0,0,0,0,0,0,0.014871468,0,0,0,0,0,0,0,0,0,0,0,0,0,0,0,0,0,0,0,0,0,0,0,0,0,0,0,0,0,0,0,0,0,0,0,0,0,0,0,0,0,0,0,0,0,0.004248991,0,0,0,0,Low,y,51.03
6,586.4,0,1,1,S1,29.7,6.374002151,-1.386294361,low,low,0.675294347,-0.392606614,3.667083874,0.821762951,13.44750414,5.046219714,0.194609322,0.153741364,0.023353119,4.956699426,73.65573611,1.661963608,0.029191398,0.042814051,0.675294347,0.021407025,0.00583828,0.015568746,0.040867958,0,0,0.021407025,0,0,0.003892186,0,0,0,0,0,0,0,0,0,0,0,0,0,0,0,0,0,0,0,0,0,0,0,0,0,0,0,0,0,0,0,0,0,0,0,0,0,0,0.003892186,0,0,0,0,0,0,0,0,0,0,0,0,0,0,0,0,0,0,0,0,0,0,0,0,0,0,Low,y,13.49
7,20.1,7.6,1,1,S1,15.8,3.000719815,2.028148247,low,low,0.658377225,-0.417977222,1.771122749,0.811404477,3.136875792,89.6909794,1.158410561,0.393359557,0.225015001,0.795053004,0.091672778,0.006667111,2.970198013,0.103340223,0.658377225,0.206680445,0.101673445,0.031668778,0.020001333,0.033335556,0.006667111,0,0,0.020001333,0.010000667,0.258350557,0.005000333,0,0,0,0,0.020001333,0,0,0,0,0,0,0,0,0.053336889,0,0.003333556,0,0,0,0,0,0,0,0,0,0,0,0,0,0,0,0,0,0,0,0,0,0,0,0,0,0,0,0,0,0,0,0,0,0,0,0,0,0,0,0,0,0,0,0,0,0,0,High,y,3.24
8,270.6,1.5,1,1,S1,24.8,5.600641716,0.405465108,low,med,1.533564815,0.42759497,2.973974042,1.23837184,8.844521605,65.41087963,11.88271605,0.175540123,0.015432099,0.048225309,6.570216049,0.086805556,0,0.05787037,1.533564815,0.202546296,0,4.604552469,0.009645062,0,0,0.007716049,0.027006173,0,0,0,0,0.011574074,0,0,0,0,0,0,0,0,0,0,0,0,0.297067901,0,0,0,0,0,0,0,0.169753086,0,0,0,0,0,0,0,0,0,0,0,0,0,0,0.011574074,0,0.03279321,0,0,0,0,0,0,0,0,0,0,0,0,0,0,0,0,0,0,0,0,0,0,0,0,Med,y,8.9
9,297.2,17.7,1,1,S1,23.2,5.694405313,2.87356464,high,low,0.302095385,-1.197012467,8.771517352,0.549632045,76.93951665,6.220272529,0.813086515,1.232484895,1.332112097,0.421005271,11.57603805,0,0,0.904679265,0.302095385,0.033744697,0.070703175,0.086772079,0.014462013,0,0,0,0,0,0.006427561,0,0,0,0.009641342,0,0,0,0,0,0,0,0,0,0,0,0,0,0,0,0.003213781,0,0,0,0,0,0,0,0,0,0.033744697,0,0,0,0,0,0,0,0,0,0,0,0,0,0,0,0,0,0,0,0,0,0,0,0,0,0,0,0,0,0,0,0,0,0,0,Low,y,77.84
10,205.3,211.7,1,1,S1,21.5,5.324472324,5.355170178,med,high,3.23201325,1.17310524,7.729157792,1.797780089,59.73988017,24.82098495,0.599152419,0.689268839,2.272395148,0.98640947,6.059720396,0,0,0.811047786,3.23201325,0.02192021,0.151005894,0.48224463,0.007306737,0,0,0.007306737,0,0,0,0,0,0,0.012177895,0,0,0,0,0,0,0,0,0,0,0,0,0,0.048711579,0,0.012177895,0,0.009742316,0,0,0,0,0,0,0,0.036533684,0,0,0,0,0,0,0,0,0,0,0,0,0,0,0,0,0,0,0,0,0,0,0,0,0,0,0,0,0,0,0,0,0,0,0,Low,y,60.55
11,321.2,91.2,1,1,S1,34,5.772063982,4.513054897,high,low,0.060701481,-2.801787183,8.713997906,0.246376705,75.93375951,0.864996111,0.108124514,0.024659977,0.123299884,18.11559838,0.718933171,0.510271829,0,0.011381528,0.060701481,0,3.186827779,0,0,0,0,0,0,0,0,0,0,0,0.147959861,0,0,0,0,0.017072292,0,0.011381528,0,0,0,0,0,0,0.159341389,0,0.005690764,0,0,0,0,0,0,0,0,0,0,0,0,0,0,0,0,0,0,0,0,0,0,0,0,0,0,0,0,0,0,0,0,0,0,0,0,0,0,0,0,0,0,0,0,0,Low,y,75.95
12,9.5,1.1,1,1,S1,34.5,2.251291799,0.09531018,low,high,4.132789498,1.418952602,1.691312689,2.032926339,2.860538613,6.671888928,4.316469031,0.186380703,5.680559682,54.09632371,18.38416034,0,0,0.024310526,4.132789498,0.20528889,2.657950893,0.013505848,0.391669593,0,0,0,0,0,0.024310526,0,0,0.021609357,0,0,0,0.018908187,0,0,0,0,0,0,0,0,0,0,0,0,0.302530996,0,0,0,0,0,0,0,0,0,0,0,0,0,0,0,0,0.010804678,0,0,0,0,0,0,0,0,0,0,0,0,0,0,0,0,0,0,0,0,0,0,0,0,0,0,0,0,Low,y,2.88
13,1116.9,1.4,1,1,S1,19.3,7.01831227,0.336472237,high,low,0.1326813,-2.019805267,9.377088708,0.364254444,87.92979264,10.27332348,0.090981463,0.140263088,0.358239509,0.562947799,0.056863414,0,0,0,0.1326813,0.034118048,0.37719398,0,0,0,0,0,0,0,0.017059024,0,0,0,0,0,0,0.005686341,0,0,0,0.005686341,0,0,0,0,0,0.015163577,0,0,0,0,0,0,0,0,0,0,0,0,0,0,0,0,0,0,0,0,0,0,0,0,0,0,0,0,0,0,0,0,0,0,0,0,0,0,0,0,0,0,0,0,0,0,0,0,Low,y,87.93
14,223.6,352.5,1,1,S1,22.9,5.409858741,5.865050622,med,high,4.23287022,1.442880302,6.286699143,2.057394036,39.52258612,47.34229628,5.175725225,0.089795715,0.311790676,0.246938216,0.24444389,0,0,0.202040358,4.23287022,0.02743758,2.25487017,0,0,0,0,0.147165199,0,0,0,0,0,0,0.024943254,0,0,0,0,0,0,0,0,0,0,0,0,0,0.019954603,0,0,0,0,0,0,0,0,0.157142501,0,0,0,0,0,0,0,0,0,0,0,0,0,0,0,0,0,0,0,0,0,0,0,0,0,0,0,0,0,0,0,0,0,0,0,0,0,0,Med,y,39.72
15,23.3,25.8,1,1,S1,17.9,3.148453361,3.250374492,med,low,0.135268077,-2.000496714,7.117695123,0.367788087,50.66158387,13.82931628,27.01426463,2.587309395,0.509099852,3.322675848,0.676340384,0,0.007378259,0,0.135268077,0.649286768,0.186915888,0,0.024594196,0,0,0.162321692,0,0,0,0.140186916,0,0,0,0,0,0,0,0.019675357,0,0,0,0,0,0,0,0,0.068863748,0,0.004918839,0,0,0,0,0,0,0,0,0,0,0,0,0,0,0,0,0,0,0,0,0,0,0,0,0,0,0,0,0,0,0,0,0,0,0,0,0,0,0,0,0,0,0,0,0,Low,y,50.66
16,1072.4,13.3,1,1,S1,25.3,6.977654406,2.587764035,high,low,0.85089817,-0.161462817,8.723890205,0.922441418,76.10626031,21.4967651,0.752646312,0.014830469,0.079713772,0.621025898,0,0,0,0,0.85089817,0,0.024099512,0,0,0,0,0,0,0,0,0,0,0,0.025953321,0,0,0,0,0.011122852,0,0,0,0,0,0,0.003707617,0,0,0,0,0,0,0,0,0,0,0,0,0,0.012976661,0,0,0,0,0,0,0,0,0,0,0,0,0,0,0,0,0,0,0,0,0,0,0,0,0,0,0,0,0,0,0,0,0,0,0,Low,y,76.11
17,19.7,0,1,1,S1,17,2.980618636,-1.386294361,low,low,0.489193567,-0.714997025,1.920781869,0.699423739,3.689402988,87.06827441,0.669164444,5.773792968,0.008180494,0.042538571,0.114526922,0.009816593,0.031085879,0.039266373,0.489193567,0.710066916,0.006544396,0.042538571,0.639714664,0,0,0.016360989,0,0,0.037630274,0,0.317403184,0.150521097,0,0,0,0.107982526,0,0,0,0,0,0,0,0,0,0,0,0,0.024541483,0,0,0,0,0,0,0,0,0.011452692,0,0,0,0,0,0,0,0,0,0,0,0,0,0,0,0,0,0,0,0,0,0,0,0,0,0,0,0,0,0,0,0,0,0,0,0,High,y,3.73
18,13.4,1.2,1,1,S1,21,2.595254707,0.182321557,high,low,0.126535777,-2.067230189,8.219358825,0.355718677,67.5578595,16.14759786,1.367402751,2.385811666,0.11020858,0.091840483,1.04289971,0.322462141,0.059186089,0.05714519,0.126535777,7.786032083,0.020408996,0.022449896,1.389852647,0.004081799,0.048981591,0.020408996,0.040817993,0,0.142862974,0,0.695946773,0.095922283,0.27552145,0,0,0.012245398,0,0,0,0,0,0,0,0,0,0,0,0,0.05714519,0,0,0,0.087758684,0,0,0,0,0.012245398,0,0,0,0,0,0.014286297,0,0,0,0,0,0,0,0,0,0,0,0,0,0,0,0,0,0,0,0,0,0,0,0,0,0,0,0.004081799,0,0,Low,y,67.62
19,443.8,59,1,1,S1,14.6,6.09537401,4.077537444,med,low,0.746446913,-0.292430779,6.68485516,0.863971593,44.68728851,6.976790477,35.7179824,3.228631713,0.423981846,3.829770293,0.109478881,0.013933676,0.077630479,1.238106613,0.746446913,0.672797484,1.817349417,0.043791552,0.155260958,0,0.013933676,0.021895776,0,0,0.055734703,0,0,0,0.011943151,0,0,0.051753653,0,0,0,0,0,0,0,0,0,0,0.083602054,0,0,0,0,0.021895776,0,0,0,0,0,0,0,0,0,0,0,0,0,0,0,0,0,0,0,0,0,0,0,0,0,0,0,0,0,0,0,0,0,0,0,0,0,0,0,0,0,0,Low,y,45.93
20,974,22.9,1,1,S1,17.1,6.881411304,3.131136911,high,high,4.89903362,1.589037965,9.191471841,2.213376068,84.4831546,3.854919351,0.950479657,0.757910358,0.50174019,1.934526439,0.169602318,0.084801159,0.090101231,0.031800435,4.89903362,0.143101956,0.39220536,0.012366836,0.254403477,0.028267053,0,1.02291398,0,0,0.008833454,0,0.007066763,0.02120029,0.081267777,0,0,0,0,0.017666908,0.008833454,0.015900217,0.005300072,0.028267053,0.003533382,0,0,0,0.003533382,0.008833454,0,0,0,0,0,0,0,0,0,0.003533382,0.090101231,0.084801159,0,0,0,0,0,0,0,0,0,0,0,0,0,0,0,0,0,0,0,0,0,0,0,0,0,0,0,0,0,0,0,0,0,0,Low,y,84.51
21,135.5,0,1,3,N1,15.7,4.90897164,-1.386294361,low,low,0.001119841,-6.794568568,4.821230039,0,23.24425909,64.56853053,0.898465658,5.653382762,0.172484811,0.661620842,0.661620842,1.132736072,0,1.457110493,0,0,0,0.036041602,0.324374421,0,0.018020801,0.023169601,0.252291216,0,0.126145608,0,0,0,0.069508804,0,0,0.0051488,0,0,0.0051488,0,0,0,0,0.653897642,0,0,0,0,0,0,0,0,0,0,0,0,0,0,0,0,0,0,0,0,0,0,0,0.0051488,0,0,0.030892802,0,0,0,0,0,0,0,0,0,0,0,0,0,0,0,0,0,0,0,0,0,0,0,Med,n,24.7
22,63.3,0,1,3,N1,15.4,4.147885329,-1.386294361,low,low,0.05168521,-2.962583612,3.169538236,0.227343815,10.04597263,12.17050679,0.233943582,10.67707625,0.13601371,12.02089171,0.182258372,53.48875167,0.062566307,0.043524387,0.05168521,0.010881097,0,0,0.331873453,0.021762194,0,0,0.179538097,0,0.133293436,0,0,0.040804113,0,0,0,0.010881097,0,0,0.005440548,0,0.059846032,0,0,0,0,0,0.05168521,0,0,0,0,0,0,0,0,0,0,0,0,0,0.005440548,0,0,0.035363565,0,0,0,0,0,0,0,0,0,0,0,0,0,0,0,0,0,0,0,0,0,0,0,0,0,0,0,0,0,0,Low,n,10.09
23,13,0,1,3,N1,15,2.564949357,-1.386294361,low,low,0.104863023,-2.255100323,3.318225035,0.323825606,11.01061738,37.16607681,0.395857911,6.792502294,0.443046271,3.090837593,0.010486302,0.214969196,28.25796304,1.54935116,0.104863023,0.04718836,0.018351029,0,0.091755145,9.98820291,0,0.078647267,0.104863023,0.178267139,0.028837331,0.283130161,0.005243151,0,0,0,0,0,0,0.065539389,0,0,0,0,0,0,0.060296238,0,0,0,0,0,0,0,0,0,0,0,0,0,0,0.013107878,0,0,0,0,0,0,0,0,0,0,0,0,0,0,0,0,0,0,0,0,0,0,0,0,0,0,0,0,0,0,0,0,0,0,Med,n,12.56
24,172.2,0,1,3,N1,17.4,5.148656592,-1.386294361,med,low,0.001119841,-6.794568568,7.389812481,0,54.60932851,37.82441525,1.659266719,1.586030119,0.86053005,2.078088525,0,0.503501625,0,0.27463725,0,0.006865931,0,0.016020506,0.068659312,0,0,0.045772875,0.0732366,0,0.098411681,0,0,0,0,0,0,0.011443219,0,0.022886437,0,0,0,0,0,0.032041012,0.176225569,0.01830915,0,0,0,0,0,0,0,0,0,0,0,0,0,0,0,0,0,0,0,0,0,0,0,0,0,0,0,0.020597794,0,0.013731862,0,0,0,0,0,0,0,0,0,0,0,0,0,0,0,0,0,0,Med,n,54.88
25,308.7,0,1,3,N1,13.5,5.732369932,-1.386294361,low,low,0.001119841,-6.794568568,3.402531488,0,11.57722053,86.28343768,0.920687,0.336469249,0.311359604,0.145635944,0.093742676,0.175767518,0.01841374,0,0,0,0,0,0.021761693,0,0.021761693,0,0.03682748,0.003347953,0.008369882,0,0.006695905,0.021761693,0.016739764,0,0,0,0,0,0,0,0,0,0,0,0,0,0,0,0,0,0,0,0,0,0,0,0,0,0,0,0,0,0,0,0,0,0,0,0,0,0,0,0,0,0,0,0,0,0,0,0,0,0,0,0,0,0,0,0,0,0,0,0,0,High,n,11.58
26,7.8,0,1,3,N1,13.2,2.054123734,-1.386294361,low,low,0.001119841,-6.794568568,5.501316248,0,30.26448046,27.83641161,26.86895339,2.230179671,0.298404322,0.204171378,0.172760397,8.584621184,1.240733761,0.970599322,0,0,0,0.345520794,0.043975374,0,0.791556728,0.025128785,0,0.009423294,0.015705491,0.040834276,0,0.025128785,0,0,0,0.012564393,0.018846589,0,0,0,0,0,0,0,0,0,0,0,0,0,0,0,0,0,0,0,0,0,0,0,0,0,0,0,0,0,0,0,0,0,0,0,0,0,0,0,0,0,0,0,0,0,0,0,0,0,0,0,0,0,0,0,0,0,Med,n,31.24
27,305,0,1,3,N1,19,5.720311777,-1.386294361,high,low,0.046041841,-3.078204709,9.765310265,0.214573626,95.36128457,1.302120802,0.366895917,0.497827401,0.046041841,0.044603033,0,0.024459728,0.123737446,1.647434606,0.046041841,0,0,0.44603033,0.020143305,0,0.008632845,0.021582113,0.043164225,0,0,0,0,0,0,0,0,0,0,0,0,0,0,0,0,0,0,0,0,0,0,0,0,0,0,0,0,0,0,0,0,0,0,0,0,0,0,0,0,0,0,0,0,0,0,0,0,0,0,0,0,0,0,0,0,0,0,0,0,0,0,0,0,0,0,0,Low,n,97.01
28,15.2,0,1,3,N1,17.1,2.721295428,-1.386294361,med,low,0.0141623,-4.257171775,6.641528397,0.119005462,44.10989945,17.03441439,1.977057074,21.68814615,5.976490582,2.962753151,0.0424869,1.087664637,0.03965444,0.424868999,0.0141623,0.00566492,0,0.01699476,2.113015154,0,0,0,1.070669877,0.01982722,0.223764339,0,0,0.504177878,0,0,0,0.05948166,0.0283246,0,0.215266959,0,0.02549214,0,0,0,0,0.0283246,0,0.184109899,0,0.11046594,0,0,0,0,0,0,0,0,0,0,0,0,0,0.00566492,0,0,0,0.00849738,0,0,0,0,0.02265968,0,0,0,0,0,0,0,0,0,0,0,0,0,0,0,0,0,0,0,0,0,Low,n,44.53
29,207.4,0,1,3,N1,17.5,5.334649296,-1.386294361,low,low,0.001119841,-6.794568568,2.130299052,0,4.538174052,87.29311265,0.299449848,6.091134892,0.092852666,0,0,0.030177116,0,0.902992177,0,0,0,0.085888716,0.136957682,0,0.197311915,0,0.104459249,0,0.109101883,0,0,0,0,0,0,0,0.074282133,0,0.044105016,0,0,0,0,0,0,0,0,0,0,0,0,0,0,0,0,0,0,0,0,0,0,0,0,0,0,0,0,0,0,0,0,0,0,0,0,0,0,0,0,0,0,0,0,0,0,0,0,0,0,0,0,0,0,0,High,n,5.44
30,8.9,0,1,3,N1,14.3,2.186051277,-1.386294361,low,low,0.007018775,-4.959166578,3.052445595,0.08377813,9.317424109,74.70784348,3.579575364,8.124232321,0.193016319,0.07369714,0.01403755,0.021056326,0.772065275,0.059659589,0.007018775,0,0,0,0.354448149,0,0,0,0.589577119,0,0.48429549,0,0,0.519389367,0,0.042112651,0,0,0.196525706,0,0.200035094,0,0.61765222,0,0,0,0,0,0,0,0,0,0,0,0,0,0,0,0,0,0,0,0.066678365,0,0.059659589,0,0,0,0,0,0,0,0,0,0,0,0,0,0,0,0,0,0,0,0,0,0,0,0,0,0,0,0,0,0,0,High,n,9.38
31,28.3,0,1,3,N1,13.6,3.342861805,-1.386294361,med,low,0.001119841,-6.794568568,8.107945442,0,65.73877929,8.112670462,2.184562426,0.956573547,0.24824573,0.370713624,0,0.122467894,2.217661856,12.36925725,0,0,0,0.105918178,0.115848007,0,0.013239772,0.728187475,0.115848007,3.627697604,0.029789488,2.87965047,0,0,0,0,0,0,0.019859658,0,0,0,0.016549715,0,0,0,0,0,0,0,0,0,0,0,0,0,0,0,0,0,0,0,0,0,0,0,0.016549715,0,0,0,0,0,0,0,0,0,0,0,0,0,0.009929829,0,0,0,0,0,0,0,0,0,0,0,0,0,0,0,Low,n,78.11
32,18,0,1,3,N1,13,2.890371758,-1.386294361,med,low,0.006927766,-4.972217884,7.395587632,0.083233203,54.69471642,6.077960466,35.11684833,2.70182893,0.258636616,0.099297986,0.011546277,0.136246074,0,0.094679475,0.006927766,0.078514687,0,0,0.205523739,0,0.004618511,0.154720118,0.170884907,0,0.043875854,0,0,0,0,0,0,0.009237022,0.039257343,0,0.006927766,0,0,0,0.004618511,0,0.023092555,0,0,0.027711066,0,0,0.009237022,0,0,0,0,0,0,0,0,0,0,0,0,0,0.016164788,0,0,0,0,0,0,0,0,0,0,0,0,0,0,0,0,0,0.006927766,0,0,0,0,0,0,0,0,0,0,0,Low,n,54.79
33,33.2,0,1,3,N1,15.8,3.502549876,-1.386294361,low,low,0.001119841,-6.794568568,2.793612363,0,7.804270033,65.42559608,0.536769732,1.76108721,0.388002091,0.271400426,0.295524909,21.51099674,0.186964738,0.062321579,0,0.020103735,0,0,0.060311206,0,0,0.677495879,0.162840256,0,0.024124482,0,0,0,0,0,0,0.006031121,0.645329902,0.008041494,0.018093362,0,0.004020747,0.098508303,0,0,0,0.006031121,0,0.010051868,0,0,0,0,0,0,0,0,0,0,0,0,0,0,0.010051868,0,0,0,0,0,0.006031121,0,0,0,0,0,0,0,0,0,0,0,0,0,0,0,0,0,0,0,0,0,0,0,0,0,Med,n,7.87
34,110.7,0,1,3,N1,13.8,4.70682384,-1.386294361,low,low,0.001119841,-6.794568568,4.467389054,0,19.95756496,49.06747695,20.25356245,0.070725063,4.384953898,4.518545683,0.272422464,0.489836547,0.005238894,0.075963956,0,0.298616932,0,0,0.065486169,0,0.034052808,0.036672255,0.020955574,0,0.028813915,0,0.005238894,0.149308466,0,0,0,0,0,0.015716681,0.010477787,0,0,0,0,0,0,0,0,0,0,0,0,0,0,0.212175189,0,0,0.00785834,0,0,0,0,0,0,0,0,0,0,0,0.013097234,0,0,0,0,0,0,0,0,0,0,0,0,0,0,0,0,0,0,0.005238894,0,0,0,0,0,0,Med,n,20.03
35,909.3,0,1,3,N1,15.7,6.812675073,-1.386294361,med,low,0.020677178,-3.878724699,5.820392666,0.143795612,33.87697079,54.87722926,0.850348927,0.041354355,0.155078832,0.42388214,6.841561127,0.496252262,0.338588783,1.147583355,0.020677178,0.271387956,0,0.292065133,0.033600414,0,0.227448953,0,0,0,0.038769708,0,0,0.010338589,0,0,0,0,0.015507883,0.025846472,0,0,0.007753942,0,0,0,0,0,0,0,0,0,0,0,0,0,0,0,0,0,0,0,0,0,0,0,0,0,0,0,0,0,0,0,0,0,0,0,0,0,0,0,0.007753942,0,0,0,0,0,0,0,0,0,0,0,0,0,Med,n,35.02
36,271.3,0,1,3,N1,13.6,5.60322522,-1.386294361,med,low,0.001119841,-6.794568568,7.488112782,0,56.07183304,25.19657013,1.093674163,0.097071671,0.245914901,0.304157903,14.6934153,0.317100793,0.006471445,1.886426145,0,0,0,0,0.019414334,0,0,0.058243003,0,0,0.009707167,0,0,0,0,0,0,0,0,0,0,0,0,0,0,0,0,0,0,0,0,0,0,0,0,0,0,0,0,0,0,0,0,0,0,0,0,0,0,0,0,0,0,0,0,0,0,0,0,0,0,0,0,0,0,0,0,0,0,0,0,0,0,0,0,0,Med,n,57.96
37,929.4,0,1,3,N1,13.5,6.834539217,-1.386294361,low,low,0.02972983,-3.51560436,4.395106045,0.172423403,19.31695715,64.85934074,7.250362332,0.832435245,1.114868631,0.449663681,0.048310974,3.080753651,0.111486863,0.275000929,0.02972983,0,0,0,0.769259356,0,0,0,0.509123342,0.081757033,0.144932922,0,0,0,0,0,0,0,0.02972983,0.497974655,0.02972983,0,0,0,0.460812368,0,0,0,0,0,0,0,0,0,0,0,0,0,0,0,0,0,0,0.096621948,0,0,0,0,0,0,0,0,0,0,0,0,0,0,0,0.011148686,0,0,0,0,0,0,0,0,0,0,0,0,0,0,0,0,Med,n,19.59
38,7.2,0,1,3,N1,13.1,1.974081026,-1.386294361,low,low,0.001119841,-6.794568568,4.772209323,0,22.77398182,58.21541938,3.639640609,8.54898585,0.306665949,0.23403454,0.037660731,1.756604078,0.005380104,3.230752677,0,0.164093183,0,0,0.279765427,0,0,0.185613601,0.199063862,0,0.123742401,0,0,0,0,0,0,0.215204175,0,0,0,0,0.026900522,0,0,0,0,0,0,0.029590574,0,0,0,0,0,0.010760209,0,0,0,0,0,0,0,0,0,0,0,0.008070157,0,0,0.008070157,0,0,0,0,0,0,0,0,0,0,0,0,0,0,0,0,0,0,0,0,0,0,0,0,0,Med,n,26
39,54.9,0,1,3,N1,11.5,4.005513349,-1.386294361,med,low,0.001119841,-6.794568568,6.511923271,0,42.40514469,22.68810289,24.8926045,3.41607717,0.123472669,0.115755627,0.416720257,2.978778135,0.720257235,1.275884244,0,0,0,0.162057878,0.041157556,0,0.689389068,0.007717042,0,0,0,0.041157556,0,0,0,0,0,0,0.015434084,0,0,0,0.010289389,0,0,0,0,0,0,0,0,0,0,0,0,0,0,0,0,0,0,0,0,0,0,0,0,0,0,0,0,0,0,0,0,0,0,0,0,0,0,0,0,0,0,0,0,0,0,0,0,0,0,0,0,0,Low,n,43.68
40,17.1,0,1,3,N1,15.1,2.839078464,-1.386294361,low,low,0.001119841,-6.794568568,4.274441138,0,18.27084704,51.09990499,11.21342785,1.486028892,0.097444518,3.880727911,0.046286146,0.090136179,0,12.5776511,0,0,0,0,0.112061195,0,0.021925016,0,0.075519501,0,0.021925016,0,0,0.869692319,0,0,0,0.026797242,0.019488904,0.019488904,0.038977807,0,0.009744452,0,0.014616678,0,0.007308339,0,0,0,0,0,0,0,0,0,0,0,0,0,0,0,0,0,0,0,0,0,0,0,0,0,0,0,0,0,0,0,0,0,0,0,0,0,0,0,0,0,0,0,0,0,0,0,0,0,Med,n,30.85
41,88,0,2,1,S2,28,4.477336814,-1.386294361,med,low,0.01691631,-4.079477034,6.633778153,0.130062716,44.00701258,41.45726325,2.242180051,0.599760096,11.07403193,0.02152985,0.018454157,0,0,0.070740934,0.01691631,0,0.003075693,0,0.070740934,0,0,0,0.013840618,0,0.163011718,0,0,0,0,0,0,0.052286778,0,0,0,0,0.010764925,0,0,0,0,0,0,0,0,0,0,0,0,0,0.178390182,0,0,0,0,0,0,0,0,0,0,0,0,0,0,0,0,0,0,0,0,0,0,0,0,0,0,0,0,0,0,0,0,0,0,0,0,0,0,0,Med,n,44.08
42,2705.3,0,2,1,S2,17.5,7.902968091,-1.386294361,high,low,0.001119841,-6.794568568,9.435117159,0,89.0214358,7.024645548,0.170709518,0.01533319,2.868328784,0.013288765,0.038844082,0,0,0,0,0,0,0,0.004088851,0,0,0.757459597,0.005111063,0,0.004088851,0,0,0,0,0,0,0,0,0,0,0,0,0.074621526,0,0,0,0,0,0,0,0,0,0,0,0,0,0,0,0,0,0.002044425,0,0,0,0,0,0,0,0,0,0,0,0,0,0,0,0,0,0,0,0,0,0,0,0,0,0,0,0,0,0,0,0,0,0,Low,n,89.02
43,1632.3,0,2,1,S2,20.7,7.397745342,-1.386294361,med,low,0.001119841,-6.794568568,8.106517086,0,65.71561926,21.72302689,0.084314493,0,9.772953115,0.052696558,1.323436418,0,0,0,0,0.018067391,0.596223915,0,0.042157247,0,0,0.566111596,0,0,0.016561775,0,0,0,0,0,0,0,0,0,0,0,0,0.088831341,0,0,0,0,0,0,0,0,0,0,0,0,0,0,0,0,0,0,0,0,0,0,0,0,0,0,0,0,0,0,0,0,0,0,0,0,0,0,0,0,0,0,0,0,0,0,0,0,0,0,0,0,Low,n,65.72
44,1,0,2,1,S2,17.8,0,-1.386294361,low,low,0.00522705,-5.253908214,4.42129621,0.07229834,19.54786018,78.42273767,0.554067298,0.113688337,0.07840575,0.024828487,0.011760862,0.098007187,0.023521725,0.270499837,0.00522705,0.0209082,0,0.232603724,0.01568115,0,0.027442012,0.002613525,0.014374387,0,0.003920287,0,0,0,0.492649461,0,0.00522705,0,0,0,0,0,0,0,0,0,0,0,0,0,0,0,0,0,0,0,0.0313623,0,0,0,0,0,0,0,0,0,0,0,0,0,0.002613525,0,0,0,0,0,0,0,0,0,0,0,0,0,0,0,0,0,0,0,0,0,0,0,0,0,High,n,19.82
45,187.6,0,2,1,S2,22.5,5.234312037,-1.386294361,med,low,0.001119841,-6.794568568,5.861662498,0,34.35908724,63.19759337,0.076307873,0.030816641,1.556974099,0.607528065,0.115929268,0,0,0,0,0.002934918,0,0,0,0,0,0,0,0,0.007337295,0,0,0,0,0,0,0.019076968,0,0,0,0,0,0,0,0,0,0,0.022011886,0.004402377,0,0,0,0,0,0,0,0,0,0,0,0,0,0,0,0,0,0,0,0,0,0,0,0,0,0,0,0,0,0,0,0,0,0,0,0,0,0,0,0,0,0,0,0,0,0,Med,n,34.36
46,1,0,2,1,S2,22.7,0,-1.386294361,med,low,0.001119841,-6.794568568,8.12934365,0,66.08622818,24.81043908,6.145300652,0,1.412155411,0.022041968,0,0,0,1.322518074,0,0,0,0,0.049961794,0,0,0.057309117,0.004408394,0,0.086698407,0,0,0,0,0,0,0,0,0,0,0,0,0,0,0,0,0,0,0,0,0,0,0,0,0,0,0,0,0,0,0,0,0,0,0,0,0.002938929,0,0,0,0,0,0,0,0,0,0,0,0,0,0,0,0,0,0,0,0,0,0,0,0,0,0,0,0,Low,n,67.41
47,1,0,2,1,S2,15.6,0,-1.386294361,med,low,0.001119841,-6.794568568,6.901255015,0,47.62732078,35.37596254,7.763659653,0.058893682,3.005050133,0,0.113370338,0,5.806917063,0.030919183,0,0,0,0,0.029446841,0,0,0,0.027974499,0,0.153123574,0,0,0,0,0,0,0,0,0,0,0,0,0,0,0,0,0.00736171,0,0,0,0,0,0,0,0,0,0,0,0,0,0,0,0,0,0,0,0,0,0,0,0,0,0,0,0,0,0,0,0,0,0,0,0,0,0,0,0,0,0,0,0,0,0,0,0,Med,n,47.66
48,1017.7,0,2,1,S2,13.1,6.925300458,-1.386294361,med,low,0.001119841,-6.794568568,6.263354062,0,39.22960411,56.07941552,0.138101037,0.035638977,4.396958807,0,0,0.037123935,0.022274361,0.023759318,0,0,0,0.004454872,0,0,0,0,0,0,0.013364616,0,0,0,0,0,0,0.019304446,0,0,0,0,0,0,0,0,0,0,0,0,0,0,0,0,0,0,0,0,0,0,0,0,0,0,0,0,0,0,0,0,0,0,0,0,0,0,0,0,0,0,0,0,0,0,0,0,0,0,0,0,0,0,0,0,0,0,Med,n,39.25
49,2978,0,2,1,S2,22.7,7.999007213,-1.386294361,med,low,0.001119841,-6.794568568,6.916585916,0,47.83916074,43.99886733,0.093040817,0,4.962176885,1.875648926,0.009438923,0,0,0.053936705,0,0.008090506,0,0,0.010787341,0,0,0.052588288,0.07416297,0,0.021574682,0,0,0,0,0,0,0,0,0.006742088,0,0.981648036,0,0,0,0,0,0,0,0,0,0,0,0,0,0,0,0,0,0,0,0,0,0,0,0,0,0,0.012135759,0,0,0,0,0,0,0,0,0,0,0,0,0,0,0,0,0,0,0,0,0,0,0,0,0,0,0,Med,n,47.89
50,1383,0,2,1,S2,31.9,7.232010332,-1.386294361,high,low,0.872464647,-0.136433145,8.272909377,0.93405816,68.44102956,21.22645861,0.112023406,0.065896121,7.667672681,0.192416674,0.134428088,0.021086759,0,0.338706064,0.872464647,0.089618725,0.035583906,0.007907535,0.131792243,0,0,0.085664958,0.114659251,0,0.032948061,0.00527169,0,0,0.00527169,0,0,0,0,0,0,0,0,0.089618725,0.002635845,0,0,0.028994293,0.023722604,0,0,0,0.176601605,0,0,0,0.027676371,0.05403482,0,0,0,0,0.002635845,0,0.013179224,0,0,0,0,0,0,0,0,0,0,0,0,0,0,0,0,0,0,0,0,0,0,0,0,0,0,0,0,0,0,0,Low,n,68.78
51,2300.9,0,2,1,S2,12.9,7.74105563,-1.386294361,high,low,0.001119841,-6.794568568,9.341216637,0,87.25832826,10.17025233,0.017100046,0.005343764,1.553966676,0.950121303,0,0,0,0,0,0,0,0,0.021375057,0,0,0.016031293,0.00748127,0,0,0,0,0,0,0,0,0,0,0,0,0,0,0,0,0,0,0,0,0,0,0,0,0,0,0,0,0,0,0,0,0,0,0,0,0,0,0,0,0,0,0,0,0,0,0,0,0,0,0,0,0,0,0,0,0,0,0,0,0,0,0,0,0,0,0,Low,n,87.26
52,313.3,0,2,1,S2,24.8,5.747161198,-1.386294361,high,low,0.001119841,-6.794568568,9.057066745,0,82.03045802,16.10565846,0,0.012671643,1.596627039,0.154363653,0,0,0.010367708,0,0,0.003455903,0,0,0.005759838,0,0,0,0,0,0.00921574,0,0,0,0,0,0,0.003455903,0,0.006911805,0,0,0,0.054142475,0,0,0,0.006911805,0,0,0,0,0,0,0,0,0,0,0,0,0,0,0,0,0,0,0,0,0,0,0,0,0,0,0,0,0,0,0,0,0,0,0,0,0,0,0,0,0,0,0,0,0,0,0,0,Low,n,82.03
53,1,0,2,1,S2,22.8,0,-1.386294361,low,low,0.018375857,-3.996717596,5.010837079,0.135557578,25.10848823,31.99236695,3.211534384,0.00565411,39.45720546,0,0,0,0,0,0.018375857,0.018375857,0,0,0.012721747,0,0,0.110255142,0,0,0.065022263,0,0,0,0,0,0,0,0,0,0,0,0,0,0,0,0,0,0,0,0,0,0,0,0,0,0,0,0,0,0,0,0,0,0,0,0,0,0,0,0,0,0,0,0,0,0,0,0,0,0,0,0,0,0,0,0,0,0,0,0,0,0,0,0,0,Med,n,25.11
54,333.6,0,2,1,S2,18.1,5.80994267,-1.386294361,high,low,0.002355574,-6.050970844,8.5105338,0.048534256,72.42918556,8.958247453,0.127200989,0,18.24863082,0,0,0,0,0,0.002355574,0.003533361,0,0,0,0,0,0.210823862,0,0,0.004711148,0,0,0,0,0,0,0,0,0,0,0,0,0,0,0.01531123,0,0,0,0,0,0,0,0,0,0,0,0,0,0,0,0,0,0,0,0,0,0,0,0,0,0,0,0,0,0,0,0,0,0,0,0,0,0,0,0,0,0,0,0,0,0,0,0,0,0,Low,n,72.43
55,1,0,2,1,S2,18.2,0,-1.386294361,low,low,0.001119841,-6.794568568,4.925200193,0,24.25759694,60.00721729,1.819357361,11.8934849,0.753304163,0.01353241,0.025561219,0,0,0.018043213,0,0.663088096,0,0,0.195468146,0,0,0.012028809,0.190957343,0,0.10675568,0,0,0,0,0,0,0.019546815,0,0,0,0,0.006014404,0,0,0,0,0,0,0,0,0,0,0,0,0,0,0,0,0,0,0,0,0,0,0,0,0,0,0,0,0,0,0.015036011,0,0,0,0,0,0,0,0,0,0,0,0,0,0,0,0,0,0,0,0,0,0.003007202,Med,n,24.28
56,601.4,0,2,1,S2,13.5,6.399260271,-1.386294361,high,low,0.11222011,-2.187293068,9.109381437,0.334992701,82.98083016,4.82678496,0.792141952,0.038286861,8.658111534,1.258185467,0.031685678,0.034326151,0,0,0.11222011,0.038286861,0.344581749,0.005280946,0.063371356,0,0,0.011882129,0,0,0.00396071,0,0,0,0.466043515,0,0,0.101658217,0,0.165029573,0,0,0,0,0,0,0,0,0.013202366,0,0,0,0.017163076,0.005280946,0,0,0,0,0,0,0.002640473,0,0.023764259,0,0,0,0,0,0,0,0,0.005280946,0,0,0,0,0,0,0,0,0,0,0,0,0,0,0,0,0,0,0,0,0,0,0,0,Low,n,82.98
57,1,0,2,1,S2,14.2,0,-1.386294361,low,low,0.001119841,-6.794568568,2.732713805,0,7.467724742,65.63573374,13.48602393,12.60955821,0.254648822,0.017766197,0,0,0,0,0,0,0,0,0.182103518,0,0,0,0.059220656,0,0.125843894,0,0,0.025168779,0,0,0,0.130285444,0,0,0,0,0.005922066,0,0,0,0,0,0,0,0,0,0,0,0,0,0,0,0,0,0,0,0,0,0,0,0,0,0,0,0,0,0,0,0,0,0,0,0,0,0,0,0,0,0,0,0,0,0,0,0,0,0,0,0,0,Med,n,7.47
58,52.1,0,2,1,S2,33.1,3.953164949,-1.386294361,low,low,0.001119841,-6.794568568,5.573691011,0,31.06603149,63.9603117,0.173517999,0.574186832,0.563144777,1.739912295,0.063097454,0,0,0.479540651,0,0.022084109,0.042590781,0,0.056787709,0,0,0,0,0,0.996939773,0,0,0,0.0173518,0,0,0.020506673,0,0,0,0,0.007887182,0,0,0,0,0.200334417,0.003154873,0,0,0,0,0,0,0,0,0,0,0,0,0,0,0,0,0,0,0,0,0,0,0,0,0,0,0,0,0,0.012619491,0,0,0,0,0,0,0,0,0,0,0,0,0,0,0,0,0,Med,n,31.55
59,172,0,2,1,S2,21.4,5.147494477,-1.386294361,high,low,0.783416617,-0.244090647,9.417790306,0.885108252,88.69477424,8.790113359,0.012780043,0.222372743,1.102917684,0,0.070290235,0,0,0,0.783416617,0.012780043,0,0,0.02683809,0,0,0,0,0,0.016614055,0,0,0.002556009,0,0,0,0.010224034,0,0,0,0,0,0,0,0,0,0.162306542,0,0,0,0,0,0,0,0,0,0,0,0.092016307,0,0,0,0,0,0,0,0,0,0,0,0,0,0,0,0,0,0,0,0,0,0,0,0,0,0,0,0,0,0,0,0,0,0,0,0,Low,n,88.69
60,1,0,2,1,S2,14.6,0,-1.386294361,high,high,3.432956381,1.233421809,8.577360331,1.852823894,73.57111024,18.58113754,0,0.144838728,0.636454794,0.00557072,0.747869199,0,0,0.022282881,3.432956381,0.0069634,0,0,0.012534121,0,0,0,0,0,0.268787254,0,0,0,0,0,1.992925185,0,0,0,0,0,0,0.502757507,0,0,0,0.00557072,0,0,0,0,0,0.033424322,0,0,0,0,0,0,0,0,0,0,0,0,0,0,0.034817002,0,0,0,0,0,0,0,0,0,0,0,0,0,0,0,0,0,0,0,0,0,0,0,0,0,0,0,Low,n,73.59
61,1,0,2,3,N2,14.6,0,-1.386294361,low,low,0.001119841,-6.794568568,1.476229187,0,2.179252613,95.72921627,0,0.639113762,0.046367077,0.007518985,0,0,1.050151633,0,0,0,0,0.092734154,0.007518985,0,0,0,0,0.238101206,0.005012657,0,0,0,0,0,0,0,0,0,0.005012657,0,0,0,0,0,0,0,0,0,0,0,0,0,0,0,0,0,0,0,0,0,0,0,0,0,0,0,0,0,0,0,0,0,0,0,0,0,0,0,0,0,0,0,0,0,0,0,0,0,0,0,0,0,0,0,High,n,2.18
62,1,0,2,3,N2,14.1,0,-1.386294361,low,low,0.003652968,-5.612215291,1.695548833,0.060439788,2.874885845,72.76894977,0,13.78447489,0.573515982,5.559817352,0.575342466,2.093150685,0.277625571,0.131506849,0.003652968,0,0,0.034703196,0.136986301,0,0.040182648,0,0,0,0.031050228,0,0,0,0.913242009,0.005479452,0,0,0,0.016438356,0.065753425,0,0,0,0,0,0,0,0,0,0,0,0,0.098630137,0,0,0,0,0,0,0,0,0,0,0,0,0,0,0,0,0.00913242,0,0,0,0,0,0,0,0,0,0,0,0,0,0,0,0,0,0.005479452,0,0,0,0,0,0,0,High,n,3.01
63,1,0,2,3,N2,18.1,0,-1.386294361,low,low,0.001119841,-6.794568568,2.210665308,0,4.887041104,74.93881393,0.153749608,11.96736743,0.134923125,0.003137747,6.278631942,0,0.500470662,0,0,0,0,0.961719485,0.050203954,0,0,0,0.040790712,0,0.04863508,0,0,0,0,0,0,0,0,0,0,0,0,0,0,0,0,0.025101977,0,0,0,0,0,0.009413241,0,0,0,0,0,0,0,0,0,0,0,0,0,0,0,0,0,0,0,0,0,0,0,0,0,0,0,0,0,0,0,0,0,0,0,0,0,0,0,0,0,0,High,n,4.89
64,1059.2,0,2,3,N2,18.8,6.965269185,-1.386294361,med,low,0.001119841,-6.794568568,5.796741675,0,33.60221405,55.88950015,0.453947146,2.268048196,0.577137264,6.284383543,0.008437679,0.197441696,0.386445712,0.197441696,0,0,0,0,0.045563468,0,0,0.003375072,0.04893854,0,0.02025043,0,0,0,0,0,0,0,0.006750143,0.010125215,0,0,0,0,0,0,0,0,0,0,0,0,0,0,0,0,0,0,0,0,0,0,0,0,0,0,0,0,0,0,0,0,0,0,0,0,0,0,0,0,0,0,0,0,0,0,0,0,0,0,0,0,0,0,0,0,Med,n,33.8
65,1,0,2,3,N2,19.9,0,-1.386294361,low,low,0.001119841,-6.794568568,3.328099271,0,11.07624476,63.20033366,0.051637505,10.71279617,0.550138031,1.046652499,0.083414431,11.26094814,0.566026494,0.748743818,0,0,0,0,0.13107982,0,0,0.005958174,0.40118369,0,0.148954341,0,0,0,0,0,0,0,0,0,0,0,0.009930289,0,0,0,0,0,0,0,0,0,0,0,0,0,0,0,0,0,0,0,0,0,0,0,0,0,0,0,0,0,0,0,0,0,0,0,0,0,0,0,0,0,0,0.005958174,0,0,0,0,0,0,0,0,0,0,Med,n,11.82
66,1,0,2,3,N2,19.2,0,-1.386294361,med,low,0.001119841,-6.794568568,7.728726352,0,59.73321102,15.67480793,0.007644383,22.71337385,0.422352177,0,0,0,0.08217712,0.342086152,0,0,0,0,0.238886978,0,0,0,0.158620953,0,0.275197798,0,0,0,0,0,0,0.011466575,0.015288767,0,0.286664373,0,0,0,0,0,0,0.015288767,0,0,0,0,0,0,0,0,0,0,0,0,0,0,0,0,0,0,0,0.017199862,0,0,0,0,0,0,0,0,0,0,0,0,0,0,0,0,0,0,0.005733287,0,0,0,0,0,0,0,0,0,Low,n,60.08
67,3.7,0,2,3,N2,17.8,1.30833282,-1.386294361,low,low,0.001119841,-6.794568568,2.321206224,0,5.387998335,93.39674196,0,0.239408764,0.037732903,0,0,0.057249922,0.44238576,0.340897262,0,0,0,0.058551057,0.005204538,0,0.01691475,0,0,0,0,0.013011346,0,0,0,0,0,0,0.003903404,0,0,0,0,0,0,0,0,0,0,0,0,0,0,0,0,0,0,0,0,0,0,0,0,0,0,0,0,0,0,0,0,0,0,0,0,0,0,0,0,0,0,0,0,0,0,0,0,0,0,0,0,0,0,0,0,0,High,n,5.73
68,1,0,2,3,N2,14.9,0,-1.386294361,high,low,0.001119841,-6.794568568,9.606562789,0,92.28604862,4.50451635,0.305034382,2.018223175,0.065740169,0.006574017,0,0,0.076258596,0.432570309,0,0,0,0.019722051,0.085462219,0,0,0.043388511,0.049962528,0,0.046018118,0,0,0.048647725,0,0,0,0,0,0,0.00788882,0,0,0,0,0,0,0,0,0,0,0,0,0,0,0,0,0,0,0,0,0,0,0,0,0,0.00394441,0,0,0,0,0,0,0,0,0,0,0,0,0,0,0,0,0,0,0,0,0,0,0,0,0,0,0,0,0,Low,n,92.72
69,1,0,2,3,N2,18.8,0,-1.386294361,high,low,0.001119841,-6.794568568,9.497679922,0,90.20592391,0.769642343,0.349837428,6.251800634,0.089174246,0.096033804,0.002743823,0.926040252,0.023322495,0.824518802,0,0,0,0,0.146794529,0,0,0,0,0,0.063107928,0,0,0,0,0,0,0,0,0,0.061736017,0,0,0,0,0,0,0,0,0.189323785,0,0,0,0,0,0,0,0,0,0,0,0,0,0,0,0,0,0,0,0,0,0,0,0,0,0,0,0,0,0,0,0,0,0,0,0,0,0,0,0,0,0,0,0,0,0,Low,n,91.03
70,31.9,0,2,3,N2,14.3,3.46260601,-1.386294361,med,low,0.001119841,-6.794568568,6.341286306,0,40.21191202,57.94830631,0.019264729,0.160539412,0,0.006421576,0.008026971,0.035318671,0.836410339,0,0,0,0,0.730454327,0,0,0.008026971,0,0,0,0.006421576,0,0,0,0.028897094,0,0,0,0,0,0,0,0,0,0,0,0,0,0,0,0,0,0,0,0,0,0,0,0,0,0,0,0,0,0,0,0,0,0,0,0,0,0,0,0,0,0,0,0,0,0,0,0,0,0,0,0,0,0,0,0,0,0,0,0,0,Med,n,40.21
71,1,0,2,3,N2,16.2,0,-1.386294361,low,low,0.001119841,-6.794568568,4.779888034,0,22.84732962,39.29941551,1.432100749,4.475063772,0.243035331,0.038162573,0.048205355,0.042179685,23.89780465,2.380139394,0,3.902625183,0,0.070299476,0.520216121,0,0,0.082350814,0.130556169,0,0.104444935,0,0,0,0,0,0,0,0.303292024,0,0,0,0.056239581,0,0,0,0,0.006025669,0,0.004017113,0.004017113,0,0,0.092393597,0,0,0,0,0,0,0,0,0,0,0,0,0.010042782,0.010042782,0,0,0,0,0,0,0,0,0,0,0,0,0,0,0,0,0,0,0,0,0,0,0,0,0,0,0,0,Med,n,25.23
72,1,0,2,3,N2,15.1,0,-1.386294361,med,low,0.001119841,-6.794568568,8.010030122,0,64.16058255,2.228406946,2.558188299,0.043843764,0.005718752,0,0.013343754,0,23.66038239,1.950094359,0,0.06481252,0,0.783468995,0.085781277,0,4.313845098,0.034312511,0,0,0.081968776,0,0,0,0,0,0,0,0.009531253,0,0,0,0.005718752,0,0,0,0,0,0,0,0,0,0,0,0,0,0,0,0,0,0,0,0,0,0,0,0,0,0,0,0,0,0,0,0,0,0,0,0,0,0,0,0,0,0,0,0,0,0,0,0,0,0,0,0,0,Low,n,66.11
73,1,0,2,3,N2,18.4,0,-1.386294361,high,low,0.001119841,-6.794568568,8.322597704,0,69.26563254,19.47981696,2.915247299,0.366964429,0.004386029,0.08918259,0.04678431,0,0.146200968,6.77787687,0,0,0,0.355268352,0.169593123,0,0,0.122808813,0.077486513,0,0.099416658,0,0,0.036550242,0,0,0,0,0,0,0,0,0.002924019,0,0,0,0,0,0,0.010234068,0,0,0,0,0,0,0,0,0,0,0,0,0,0,0,0,0.008772058,0,0,0.010234068,0,0,0,0.010234068,0,0,0,0,0,0,0,0,0,0,0,0,0,0,0,0,0.004386029,0,0,0,0,0,Low,n,76.04
74,1,0,2,3,N2,20.5,0,-1.386294361,low,low,0.001119841,-6.794568568,1.413825358,0,1.998902143,76.83121126,0.68281319,5.718225757,0.050876277,0.040165482,0.009371946,0.045520879,0,14.13958844,0,0,0,0.040165482,0.157984228,0,0.073636717,0.006694247,0,0,0.028115837,0,0,0,0,0,0,0,0.148612283,0,0.012049645,0,0.013388494,0,0,0,0,0,0,0,0,0,0,0,0,0,0,0,0,0,0,0,0,0,0,0.002677699,0,0,0,0,0,0,0,0,0,0,0,0,0,0,0,0,0,0,0,0,0,0,0,0,0,0,0,0,0,0,High,n,16.14
75,1,0,2,3,N2,17.6,0,-1.386294361,med,low,0.001119841,-6.794568568,7.925839619,0,62.81893366,27.90427591,1.5942284,0.05278902,0.320253387,1.171916241,0,0.014077072,0,4.962167869,0,0,0,0.253387295,0.109097308,0,0,0.102058772,0.327291923,0,0.10557804,0,0,0,0,0,0,0,0.010557804,0.03519268,0,0,0.03519268,0,0,0,0,0,0,0,0,0,0,0,0,0,0,0,0.183001936,0,0,0,0,0,0,0,0,0,0,0,0,0,0,0,0,0,0,0,0,0,0,0,0,0,0,0,0,0,0,0,0,0,0,0,0,0,Med,n,67.78
76,14.2,0,2,3,N2,14.4,2.653241965,-1.386294361,med,low,0.009894916,-4.615734189,7.373238599,0.099473192,54.36464744,25.98998635,0.607547842,0.205814253,0.065306446,0.512556648,0.027705765,7.767509054,7.902079911,2.378737805,0.009894916,0,0,0,0.057390513,0,0,0,0,0,0.031663731,0,0,0,0.061348479,0,0,0.007915933,0,0,0,0,0.00593695,0,0,0,0,0,0,0,0,0,0,0,0,0,0,0,0,0,0,0,0,0,0,0,0,0,0,0,0,0,0,0,0,0,0,0,0,0,0,0,0,0,0,0,0,0,0,0,0,0,0,0,0.003957966,0,Med,n,56.74
77,15.3,0,2,3,N2,22.5,2.727852828,-1.386294361,med,low,0.001119841,-6.794568568,6.249288218,0,39.05360323,59.98570246,0.250834023,0.22073394,0.025083402,0,0,0.156771264,0,0,0,0,0,0.125417012,0.026337572,0,0.011287531,0.00376251,0,0,0.021320892,0,0,0.007525021,0,0,0,0.006270851,0.077758547,0,0,0,0.008779191,0,0,0,0,0,0,0.00376251,0,0,0,0,0,0,0,0,0,0,0,0,0,0,0,0,0,0,0,0,0,0,0,0,0,0,0.015050041,0,0,0,0,0,0,0,0,0,0,0,0,0,0,0,0,0,0,0,Med,n,39.05
78,1,0,2,3,N2,15.2,0,-1.386294361,med,low,0.001119841,-6.794568568,7.603461969,0,57.81263392,11.94251593,1.671380818,0.039998857,11.27110654,0.205708408,0,10.67969487,0,3.268478043,0,0,0,0,0.034284735,0,0,0.054284163,0,0,0,0,0,0,0,2.639924574,0,0,0,0.105711265,0,0,0,0,0,0,0,0,0,0,0,0.242850204,0,0,0,0.031427673,0,0,0,0,0,0,0,0,0,0,0,0,0,0,0,0,0,0,0,0,0,0,0,0,0,0,0,0,0,0,0,0,0,0,0,0,0,0,0,0,Low,n,61.08
79,68.5,0,2,3,N2,17.3,4.226833745,-1.386294361,med,low,0.001119841,-6.794568568,6.763791224,0,45.74887172,45.81580356,0.248603993,0,0.026772738,0.063107167,2.734643923,0.177847472,3.256712308,1.558555802,0,0,0,0.032509753,0.009561692,0,0.043983783,0.021035722,0,0,0,0,0,0,0,0,0,0,0,0,0,0,0,0,0.258165685,0,0,0,0,0.003824677,0,0,0,0,0,0,0,0,0,0,0,0,0,0,0,0,0,0,0,0,0,0,0,0,0,0,0,0,0,0,0,0,0,0,0,0,0,0,0,0,0,0,0,0,0,0,Med,n,47.31
80,5.1,0,2,3,N2,14.5,1.62924054,-1.386294361,low,low,0.001119841,-6.794568568,5.294910138,0,28.03607337,52.63745862,1.998659436,0.556537282,0.170617269,0.613409705,0.073121687,0.085308634,0.02031158,13.19033981,0,0,0,0.540288018,0.077184003,0,0.156399163,0.008124632,0.168586111,1.482745313,0.054841265,0,0,0,0.081246319,0,0,0.018280422,0,0.014218106,0.008124632,0,0,0,0,0,0,0,0,0,0,0,0,0,0,0,0,0,0,0,0,0,0,0,0,0,0,0,0,0,0,0,0,0,0,0,0,0,0,0,0,0.008124632,0,0,0,0,0,0,0,0,0,0,0,0,0,0,Med,n,41.23
